date,name,current_stock,min_required,max_required
2020-01-05,Surgical Masks,106,85,117
2020-01-05,IV Fluids,67,58,81
2020-01-05,Syringes,132,107,156
2020-01-05,Antibiotics,150,122,186
2020-01-12,Syringes,127,102,156
2020-01-12,Antibiotics,152,118,187
2020-01-12,IV Fluids,68,60,86
2020-01-12,Surgical Masks,100,92,137
2020-01-19,Syringes,136,104,158
2020-01-19,Surgical Masks,112,93,134
2020-01-19,Antibiotics,148,120,177
2020-01-19,IV Fluids,81,65,92
2020-01-26,Syringes,131,101,156
2020-01-26,Surgical Masks,114,97,124
2020-01-26,IV Fluids,73,67,89
2020-01-26,Antibiotics,154,126,189
2020-02-02,Surgical Masks,113,89,122
2020-02-02,Syringes,137,109,159
2020-02-02,Antibiotics,152,125,196
2020-02-02,IV Fluids,81,69,99
2020-02-09,Antibiotics,144,115,171
2020-02-09,Surgical Masks,106,90,132
2020-02-09,IV Fluids,62,55,86
2020-02-09,Syringes,131,104,160
2020-02-16,Antibiotics,142,117,169
2020-02-16,Surgical Masks,95,90,120
2020-02-16,IV Fluids,77,64,93
2020-02-16,Syringes,135,98,144
2020-02-23,Antibiotics,153,125,175
2020-02-23,Surgical Masks,106,89,128
2020-02-23,IV Fluids,71,59,81
2020-02-23,Syringes,114,98,142
2020-03-01,Antibiotics,159,131,194
2020-03-01,Syringes,132,108,150
2020-03-01,IV Fluids,66,63,102
2020-03-01,Surgical Masks,92,80,119
2020-03-08,Syringes,115,98,149
2020-03-08,IV Fluids,93,76,108
2020-03-08,Surgical Masks,114,99,131
2020-03-08,Antibiotics,148,116,166
2020-03-15,Syringes,125,107,157
2020-03-15,IV Fluids,87,66,109
2020-03-15,Surgical Masks,115,98,133
2020-03-15,Antibiotics,151,128,186
2020-03-22,Syringes,132,108,165
2020-03-22,IV Fluids,76,69,94
2020-03-22,Surgical Masks,91,87,112
2020-03-22,Antibiotics,170,129,191
2020-03-29,IV Fluids,103,74,108
2020-03-29,Surgical Masks,119,93,137
2020-03-29,Antibiotics,159,140,200
2020-03-29,Syringes,135,101,151
2020-04-05,IV Fluids,92,70,103
2020-04-05,Syringes,140,111,166
2020-04-05,Surgical Masks,107,91,125
2020-04-05,Antibiotics,165,132,194
2020-04-12,Surgical Masks,118,92,132
2020-04-12,Antibiotics,169,136,197
2020-04-12,IV Fluids,69,62,90
2020-04-12,Syringes,123,98,156
2020-04-19,Surgical Masks,93,85,124
2020-04-19,Syringes,135,108,158
2020-04-19,Antibiotics,164,136,202
2020-04-19,IV Fluids,81,58,95
2020-04-26,Syringes,134,107,162
2020-04-26,Surgical Masks,107,93,135
2020-04-26,Antibiotics,155,125,180
2020-04-26,IV Fluids,84,64,91
2020-05-03,Surgical Masks,118,99,132
2020-05-03,Syringes,132,106,165
2020-05-03,IV Fluids,75,61,89
2020-05-03,Antibiotics,176,141,197
2020-05-10,Surgical Masks,122,109,146
2020-05-10,Syringes,116,101,148
2020-05-10,Antibiotics,153,139,195
2020-05-10,IV Fluids,65,57,69
2020-05-17,IV Fluids,83,65,97
2020-05-17,Surgical Masks,117,99,137
2020-05-17,Antibiotics,176,141,205
2020-05-17,Syringes,138,103,157
2020-05-24,Syringes,142,116,166
2020-05-24,Surgical Masks,118,98,138
2020-05-24,IV Fluids,63,65,88
2020-05-24,Antibiotics,176,159,223
2020-05-31,Antibiotics,155,130,192
2020-05-31,Surgical Masks,116,95,136
2020-05-31,IV Fluids,85,73,100
2020-05-31,Syringes,151,114,162
2020-06-07,Surgical Masks,107,95,128
2020-06-07,IV Fluids,72,62,86
2020-06-07,Antibiotics,191,149,214
2020-06-07,Syringes,139,111,157
2020-06-14,Surgical Masks,118,102,134
2020-06-14,IV Fluids,87,65,93
2020-06-14,Syringes,140,113,161
2020-06-14,Antibiotics,163,140,194
2020-06-21,Surgical Masks,115,99,141
2020-06-21,Antibiotics,170,144,212
2020-06-21,Syringes,136,112,166
2020-06-21,IV Fluids,79,61,93
2020-06-28,Surgical Masks,111,95,120
2020-06-28,IV Fluids,81,68,98
2020-06-28,Antibiotics,175,143,210
2020-06-28,Syringes,122,107,152
2020-07-05,Antibiotics,185,142,205
2020-07-05,IV Fluids,78,63,96
2020-07-05,Syringes,133,109,160
2020-07-05,Surgical Masks,113,93,136
2020-07-12,Surgical Masks,115,98,132
2020-07-12,Antibiotics,164,141,209
2020-07-12,Syringes,123,101,159
2020-07-12,IV Fluids,82,58,94
2020-07-19,Antibiotics,166,147,198
2020-07-19,IV Fluids,75,63,91
2020-07-19,Syringes,139,108,164
2020-07-19,Surgical Masks,128,96,131
2020-07-26,Syringes,150,115,166
2020-07-26,Antibiotics,175,138,195
2020-07-26,Surgical Masks,108,99,131
2020-07-26,IV Fluids,74,65,92
2020-08-02,Syringes,134,105,167
2020-08-02,Antibiotics,189,150,206
2020-08-02,Surgical Masks,123,98,133
2020-08-02,IV Fluids,80,65,99
2020-08-09,IV Fluids,91,68,103
2020-08-09,Antibiotics,175,145,208
2020-08-09,Surgical Masks,106,101,143
2020-08-09,Syringes,151,114,177
2020-08-16,Syringes,131,109,163
2020-08-16,Antibiotics,161,142,196
2020-08-16,IV Fluids,75,56,89
2020-08-16,Surgical Masks,100,93,132
2020-08-23,Syringes,120,102,143
2020-08-23,Surgical Masks,116,105,143
2020-08-23,Antibiotics,190,146,209
2020-08-23,IV Fluids,71,59,84
2020-08-30,IV Fluids,83,66,98
2020-08-30,Surgical Masks,123,113,149
2020-08-30,Syringes,128,104,162
2020-08-30,Antibiotics,197,155,221
2020-09-06,Syringes,122,114,156
2020-09-06,IV Fluids,70,59,89
2020-09-06,Antibiotics,182,147,210
2020-09-06,Surgical Masks,120,105,133
2020-09-13,Syringes,142,112,173
2020-09-13,Surgical Masks,117,100,131
2020-09-13,Antibiotics,177,152,213
2020-09-13,IV Fluids,80,64,99
2020-09-20,Syringes,140,110,169
2020-09-20,Surgical Masks,119,104,138
2020-09-20,Antibiotics,174,147,202
2020-09-20,IV Fluids,59,50,77
2020-09-27,IV Fluids,84,76,97
2020-09-27,Surgical Masks,112,94,132
2020-09-27,Antibiotics,181,155,210
2020-09-27,Syringes,145,108,170
2020-10-04,Syringes,142,110,165
2020-10-04,Surgical Masks,113,92,128
2020-10-04,Antibiotics,189,155,221
2020-10-04,IV Fluids,85,61,94
2020-10-11,Syringes,144,114,166
2020-10-11,Antibiotics,201,161,224
2020-10-11,IV Fluids,70,68,85
2020-10-11,Surgical Masks,127,103,143
2020-10-18,IV Fluids,68,60,86
2020-10-18,Antibiotics,186,152,211
2020-10-18,Syringes,136,117,168
2020-10-18,Surgical Masks,108,97,135
2020-10-25,IV Fluids,68,64,88
2020-10-25,Antibiotics,178,156,213
2020-10-25,Syringes,145,117,168
2020-10-25,Surgical Masks,108,93,129
2020-11-01,IV Fluids,72,69,93
2020-11-01,Syringes,149,111,169
2020-11-01,Antibiotics,186,154,203
2020-11-01,Surgical Masks,118,95,142
2020-11-08,Syringes,139,109,166
2020-11-08,IV Fluids,78,67,93
2020-11-08,Surgical Masks,115,94,132
2020-11-08,Antibiotics,188,160,214
2020-11-15,Surgical Masks,111,100,133
2020-11-15,Syringes,147,110,164
2020-11-15,IV Fluids,74,60,96
2020-11-15,Antibiotics,189,151,220
2020-11-22,Surgical Masks,123,102,147
2020-11-22,Antibiotics,193,158,211
2020-11-22,Syringes,149,112,162
2020-11-22,IV Fluids,88,61,95
2020-11-29,Antibiotics,177,154,214
2020-11-29,Surgical Masks,125,104,146
2020-11-29,Syringes,143,112,179
2020-11-29,IV Fluids,78,66,94
2020-12-06,Syringes,140,116,174
2020-12-06,Surgical Masks,122,104,149
2020-12-06,IV Fluids,98,73,108
2020-12-06,Antibiotics,187,155,220
2020-12-13,Syringes,138,120,166
2020-12-13,Antibiotics,179,156,209
2020-12-13,IV Fluids,79,62,86
2020-12-13,Surgical Masks,116,103,138
2020-12-20,Syringes,124,108,159
2020-12-20,Antibiotics,177,157,217
2020-12-20,IV Fluids,80,70,94
2020-12-20,Surgical Masks,118,98,138
2020-12-27,IV Fluids,88,59,93
2020-12-27,Antibiotics,190,156,220
2020-12-27,Surgical Masks,109,96,124
2020-12-27,Syringes,145,120,178
2021-01-03,Syringes,147,115,165
2021-01-03,Antibiotics,203,158,218
2021-01-03,IV Fluids,82,65,97
2021-01-03,Surgical Masks,113,91,130
2021-01-10,Antibiotics,190,165,239
2021-01-10,Syringes,123,109,164
2021-01-10,Surgical Masks,115,104,139
2021-01-10,IV Fluids,88,66,93
2021-01-17,Syringes,139,117,175
2021-01-17,IV Fluids,78,58,82
2021-01-17,Antibiotics,187,162,213
2021-01-17,Surgical Masks,109,97,126
2021-01-24,IV Fluids,76,56,93
2021-01-24,Antibiotics,198,162,227
2021-01-24,Surgical Masks,115,96,137
2021-01-24,Syringes,135,118,155
2021-01-31,IV Fluids,80,65,86
2021-01-31,Surgical Masks,121,104,130
2021-01-31,Antibiotics,186,156,215
2021-01-31,Syringes,128,107,160
2021-02-07,Surgical Masks,100,93,119
2021-02-07,IV Fluids,74,57,84
2021-02-07,Syringes,141,118,171
2021-02-07,Antibiotics,184,154,217
2021-02-14,Antibiotics,186,163,225
2021-02-14,Syringes,136,114,165
2021-02-14,IV Fluids,63,55,86
2021-02-14,Surgical Masks,121,102,139
2021-02-21,Syringes,146,121,176
2021-02-21,IV Fluids,75,56,95
2021-02-21,Surgical Masks,119,99,137
2021-02-21,Antibiotics,192,163,219
2021-02-28,Antibiotics,191,166,227
2021-02-28,IV Fluids,77,56,87
2021-02-28,Syringes,131,107,164
2021-02-28,Surgical Masks,121,92,132
2021-03-07,IV Fluids,88,63,95
2021-03-07,Syringes,129,107,161
2021-03-07,Antibiotics,167,156,206
2021-03-07,Surgical Masks,110,97,136
2021-03-14,Syringes,130,99,151
2021-03-14,Antibiotics,196,158,221
2021-03-14,Surgical Masks,119,102,145
2021-03-14,IV Fluids,70,61,88
2021-03-21,Surgical Masks,113,100,139
2021-03-21,IV Fluids,81,62,94
2021-03-21,Syringes,146,112,169
2021-03-21,Antibiotics,187,151,212
2021-03-28,Antibiotics,188,157,220
2021-03-28,Syringes,128,110,164
2021-03-28,Surgical Masks,111,104,139
2021-03-28,IV Fluids,75,60,90
2021-04-04,Syringes,115,106,158
2021-04-04,Surgical Masks,126,98,133
2021-04-04,IV Fluids,65,55,77
2021-04-04,Antibiotics,197,164,229
2021-04-11,Antibiotics,193,157,218
2021-04-11,Surgical Masks,121,112,146
2021-04-11,IV Fluids,79,61,94
2021-04-11,Syringes,137,108,155
2021-04-18,IV Fluids,81,63,97
2021-04-18,Antibiotics,194,163,223
2021-04-18,Syringes,117,102,148
2021-04-18,Surgical Masks,104,91,128
2021-04-25,Surgical Masks,115,93,123
2021-04-25,IV Fluids,80,60,94
2021-04-25,Antibiotics,191,159,214
2021-04-25,Syringes,138,114,161
2021-05-02,Surgical Masks,101,94,131
2021-05-02,Syringes,124,106,161
2021-05-02,Antibiotics,187,161,217
2021-05-02,IV Fluids,82,59,89
2021-05-09,Syringes,157,123,176
2021-05-09,Surgical Masks,109,87,122
2021-05-09,Antibiotics,194,154,219
2021-05-09,IV Fluids,70,53,78
2021-05-16,Antibiotics,195,160,227
2021-05-16,IV Fluids,67,57,75
2021-05-16,Surgical Masks,109,99,136
2021-05-16,Syringes,145,107,153
2021-05-23,Antibiotics,174,144,202
2021-05-23,Surgical Masks,123,98,135
2021-05-23,Syringes,133,104,161
2021-05-23,IV Fluids,78,52,82
2021-05-30,Antibiotics,180,158,218
2021-05-30,IV Fluids,80,56,91
2021-05-30,Syringes,134,105,165
2021-05-30,Surgical Masks,91,93,116
2021-06-06,Surgical Masks,94,90,121
2021-06-06,Antibiotics,180,151,206
2021-06-06,Syringes,123,100,151
2021-06-06,IV Fluids,63,47,81
2021-06-13,Surgical Masks,99,85,120
2021-06-13,Antibiotics,192,165,230
2021-06-13,Syringes,137,110,155
2021-06-13,IV Fluids,56,47,81
2021-06-20,Antibiotics,190,163,226
2021-06-20,Syringes,133,105,155
2021-06-20,Surgical Masks,111,88,123
2021-06-20,IV Fluids,62,54,83
2021-06-27,Syringes,147,112,170
2021-06-27,IV Fluids,75,52,87
2021-06-27,Surgical Masks,113,95,132
2021-06-27,Antibiotics,190,161,230
2021-07-04,IV Fluids,68,55,89
2021-07-04,Surgical Masks,106,90,127
2021-07-04,Syringes,129,105,161
2021-07-04,Antibiotics,187,166,221
2021-07-11,Syringes,139,113,162
2021-07-11,IV Fluids,61,54,81
2021-07-11,Antibiotics,195,154,212
2021-07-11,Surgical Masks,118,89,132
2021-07-18,Surgical Masks,124,93,130
2021-07-18,Syringes,137,110,171
2021-07-18,Antibiotics,205,167,228
2021-07-18,IV Fluids,65,54,87
2021-07-25,Antibiotics,206,163,226
2021-07-25,Surgical Masks,117,96,130
2021-07-25,Syringes,129,106,166
2021-07-25,IV Fluids,66,57,84
2021-08-01,Antibiotics,178,157,215
2021-08-01,Syringes,138,114,164
2021-08-01,IV Fluids,72,51,83
2021-08-01,Surgical Masks,101,91,119
2021-08-08,Syringes,129,110,160
2021-08-08,IV Fluids,62,52,75
2021-08-08,Surgical Masks,102,91,120
2021-08-08,Antibiotics,191,164,219
2021-08-15,Syringes,152,120,171
2021-08-15,Surgical Masks,107,96,134
2021-08-15,Antibiotics,176,152,216
2021-08-15,IV Fluids,63,60,83
2021-08-22,Syringes,123,103,154
2021-08-22,IV Fluids,70,53,88
2021-08-22,Surgical Masks,110,89,130
2021-08-22,Antibiotics,180,153,216
2021-08-29,Syringes,136,105,163
2021-08-29,Surgical Masks,97,86,129
2021-08-29,Antibiotics,175,154,209
2021-08-29,IV Fluids,70,52,86
2021-09-05,Syringes,137,113,169
2021-09-05,Antibiotics,194,154,220
2021-09-05,Surgical Masks,109,91,122
2021-09-05,IV Fluids,66,53,86
2021-09-12,Antibiotics,181,151,216
2021-09-12,IV Fluids,72,51,81
2021-09-12,Syringes,127,97,155
2021-09-12,Surgical Masks,114,85,119
2021-09-19,Antibiotics,198,162,222
2021-09-19,IV Fluids,54,48,66
2021-09-19,Syringes,136,111,168
2021-09-19,Surgical Masks,106,84,121
2021-09-26,Antibiotics,187,154,214
2021-09-26,Syringes,129,106,168
2021-09-26,IV Fluids,68,47,76
2021-09-26,Surgical Masks,112,92,138
2021-10-03,Surgical Masks,105,84,120
2021-10-03,Syringes,125,99,147
2021-10-03,IV Fluids,67,48,80
2021-10-03,Antibiotics,201,157,219
2021-10-10,Surgical Masks,102,71,114
2021-10-10,Antibiotics,170,152,207
2021-10-10,Syringes,123,97,152
2021-10-10,IV Fluids,75,56,83
2021-10-17,Surgical Masks,113,86,122
2021-10-17,Syringes,123,100,143
2021-10-17,Antibiotics,182,145,205
2021-10-17,IV Fluids,54,48,74
2021-10-24,Syringes,112,92,139
2021-10-24,IV Fluids,69,50,87
2021-10-24,Antibiotics,186,155,204
2021-10-24,Surgical Masks,96,82,123
2021-10-31,Surgical Masks,105,82,123
2021-10-31,Syringes,118,100,153
2021-10-31,Antibiotics,170,144,208
2021-10-31,IV Fluids,68,54,83
2021-11-07,Surgical Masks,102,85,121
2021-11-07,IV Fluids,56,49,81
2021-11-07,Antibiotics,185,153,205
2021-11-07,Syringes,140,106,162
2021-11-14,IV Fluids,76,53,86
2021-11-14,Syringes,130,100,153
2021-11-14,Surgical Masks,100,81,111
2021-11-14,Antibiotics,181,146,213
2021-11-21,Syringes,131,109,160
2021-11-21,IV Fluids,49,42,66
2021-11-21,Antibiotics,189,162,220
2021-11-21,Surgical Masks,101,82,116
2021-11-28,Antibiotics,180,156,214
2021-11-28,Syringes,136,110,162
2021-11-28,Surgical Masks,78,71,114
2021-11-28,IV Fluids,60,49,79
2021-12-05,Syringes,144,108,168
2021-12-05,Surgical Masks,92,75,115
2021-12-05,IV Fluids,61,50,86
2021-12-05,Antibiotics,175,152,208
2021-12-12,IV Fluids,72,49,88
2021-12-12,Surgical Masks,104,87,120
2021-12-12,Antibiotics,198,157,215
2021-12-12,Syringes,125,102,154
2021-12-19,Surgical Masks,87,79,113
2021-12-19,IV Fluids,45,40,70
2021-12-19,Antibiotics,179,146,213
2021-12-19,Syringes,118,89,151
2021-12-26,IV Fluids,71,54,82
2021-12-26,Syringes,126,97,154
2021-12-26,Surgical Masks,86,70,97
2021-12-26,Antibiotics,180,152,199
2022-01-02,Syringes,125,100,156
2022-01-02,Antibiotics,178,150,216
2022-01-02,IV Fluids,65,44,75
2022-01-02,Surgical Masks,84,72,115
2022-01-09,IV Fluids,68,50,81
2022-01-09,Surgical Masks,87,72,112
2022-01-09,Syringes,125,96,144
2022-01-09,Antibiotics,175,150,211
2022-01-16,Surgical Masks,102,77,112
2022-01-16,Antibiotics,186,154,207
2022-01-16,Syringes,126,99,157
2022-01-16,IV Fluids,70,48,84
2022-01-23,IV Fluids,69,52,77
2022-01-23,Antibiotics,169,151,205
2022-01-23,Syringes,128,108,159
2022-01-23,Surgical Masks,87,74,111
2022-01-30,Antibiotics,179,148,216
2022-01-30,IV Fluids,66,58,86
2022-01-30,Surgical Masks,87,72,97
2022-01-30,Syringes,118,91,139
2022-02-06,Syringes,129,108,164
2022-02-06,Antibiotics,165,138,193
2022-02-06,IV Fluids,60,40,64
2022-02-06,Surgical Masks,80,75,108
2022-02-13,Syringes,138,103,150
2022-02-13,Antibiotics,168,141,195
2022-02-13,Surgical Masks,109,76,118
2022-02-13,IV Fluids,52,43,67
2022-02-20,Syringes,134,100,150
2022-02-20,Antibiotics,175,144,209
2022-02-20,Surgical Masks,90,72,112
2022-02-20,IV Fluids,62,47,78
2022-02-27,IV Fluids,56,41,75
2022-02-27,Syringes,123,94,147
2022-02-27,Surgical Masks,89,70,107
2022-02-27,Antibiotics,176,144,205
2022-03-06,IV Fluids,65,50,76
2022-03-06,Surgical Masks,88,70,105
2022-03-06,Antibiotics,169,138,193
2022-03-06,Syringes,128,93,158
2022-03-13,Antibiotics,189,155,216
2022-03-13,Surgical Masks,96,73,112
2022-03-13,Syringes,116,89,139
2022-03-13,IV Fluids,63,50,83
2022-03-20,Syringes,128,106,157
2022-03-20,IV Fluids,65,48,83
2022-03-20,Antibiotics,170,149,203
2022-03-20,Surgical Masks,78,71,105
2022-03-27,Surgical Masks,87,74,101
2022-03-27,Syringes,134,104,161
2022-03-27,Antibiotics,174,144,209
2022-03-27,IV Fluids,58,46,85
2022-04-03,Surgical Masks,77,64,99
2022-04-03,Syringes,106,89,136
2022-04-03,Antibiotics,180,141,206
2022-04-03,IV Fluids,73,52,82
2022-04-10,Antibiotics,175,139,201
2022-04-10,IV Fluids,56,39,65
2022-04-10,Surgical Masks,73,65,103
2022-04-10,Syringes,124,93,149
2022-04-17,Syringes,133,98,158
2022-04-17,Antibiotics,156,134,195
2022-04-17,IV Fluids,55,45,69
2022-04-17,Surgical Masks,98,72,113
2022-04-24,Syringes,117,94,146
2022-04-24,Antibiotics,174,138,206
2022-04-24,IV Fluids,49,40,64
2022-04-24,Surgical Masks,74,63,91
2022-05-01,Syringes,111,86,145
2022-05-01,IV Fluids,69,48,84
2022-05-01,Antibiotics,156,139,198
2022-05-01,Surgical Masks,92,74,109
2022-05-08,IV Fluids,40,34,56
2022-05-08,Syringes,111,91,146
2022-05-08,Antibiotics,157,130,184
2022-05-08,Surgical Masks,91,73,108
2022-05-15,Surgical Masks,84,72,102
2022-05-15,Antibiotics,179,137,199
2022-05-15,Syringes,137,104,154
2022-05-15,IV Fluids,61,43,79
2022-05-22,IV Fluids,64,45,70
2022-05-22,Syringes,114,91,144
2022-05-22,Antibiotics,163,134,204
2022-05-22,Surgical Masks,90,60,98
2022-05-29,Syringes,117,93,145
2022-05-29,IV Fluids,46,38,64
2022-05-29,Surgical Masks,83,64,103
2022-05-29,Antibiotics,145,124,178
2022-06-05,Antibiotics,162,129,187
2022-06-05,IV Fluids,56,40,69
2022-06-05,Surgical Masks,68,61,95
2022-06-05,Syringes,116,88,141
2022-06-12,IV Fluids,57,43,69
2022-06-12,Surgical Masks,87,67,113
2022-06-12,Syringes,124,96,150
2022-06-12,Antibiotics,151,130,192
2022-06-19,Antibiotics,166,141,200
2022-06-19,IV Fluids,63,47,81
2022-06-19,Surgical Masks,89,70,104
2022-06-19,Syringes,125,93,149
2022-06-26,Antibiotics,164,133,188
2022-06-26,Syringes,114,89,145
2022-06-26,IV Fluids,53,37,76
2022-06-26,Surgical Masks,85,66,99
2022-07-03,Surgical Masks,70,61,94
2022-07-03,IV Fluids,57,37,63
2022-07-03,Syringes,99,86,127
2022-07-03,Antibiotics,151,123,188
2022-07-10,Antibiotics,165,131,202
2022-07-10,Syringes,117,99,152
2022-07-10,IV Fluids,56,47,74
2022-07-10,Surgical Masks,79,58,89
2022-07-17,Antibiotics,154,120,180
2022-07-17,IV Fluids,43,40,69
2022-07-17,Syringes,102,83,129
2022-07-17,Surgical Masks,67,62,95
2022-07-24,Syringes,114,94,146
2022-07-24,Surgical Masks,72,52,80
2022-07-24,IV Fluids,56,37,69
2022-07-24,Antibiotics,162,132,187
2022-07-31,Surgical Masks,69,60,95
2022-07-31,Antibiotics,151,124,176
2022-07-31,IV Fluids,52,45,74
2022-07-31,Syringes,104,80,133
2022-08-07,Syringes,130,94,152
2022-08-07,Antibiotics,153,125,186
2022-08-07,IV Fluids,60,38,74
2022-08-07,Surgical Masks,69,53,89
2022-08-14,IV Fluids,71,46,81
2022-08-14,Antibiotics,165,131,196
2022-08-14,Syringes,119,95,148
2022-08-14,Surgical Masks,78,60,84
2022-08-21,Syringes,120,95,150
2022-08-21,IV Fluids,52,37,61
2022-08-21,Antibiotics,147,117,179
2022-08-21,Surgical Masks,73,55,90
2022-08-28,Antibiotics,147,115,174
2022-08-28,Syringes,117,89,146
2022-08-28,Surgical Masks,75,53,89
2022-08-28,IV Fluids,61,39,71
2022-09-04,Antibiotics,143,118,175
2022-09-04,Syringes,124,97,157
2022-09-04,Surgical Masks,72,50,88
2022-09-04,IV Fluids,75,45,82
2022-09-11,Syringes,126,100,153
2022-09-11,IV Fluids,58,39,66
2022-09-11,Surgical Masks,80,52,94
2022-09-11,Antibiotics,150,125,179
2022-09-18,Antibiotics,138,112,176
2022-09-18,IV Fluids,58,43,71
2022-09-18,Syringes,117,87,141
2022-09-18,Surgical Masks,82,56,96
2022-09-25,IV Fluids,62,39,66
2022-09-25,Syringes,118,86,140
2022-09-25,Antibiotics,135,104,168
2022-09-25,Surgical Masks,71,58,90
2022-10-02,Antibiotics,136,115,167
2022-10-02,Surgical Masks,73,54,86
2022-10-02,Syringes,119,88,139
2022-10-02,IV Fluids,73,49,76
2022-10-09,Syringes,122,85,135
2022-10-09,Antibiotics,145,119,186
2022-10-09,Surgical Masks,67,58,96
2022-10-09,IV Fluids,68,47,68
2022-10-16,Surgical Masks,79,63,96
2022-10-16,IV Fluids,40,32,55
2022-10-16,Antibiotics,153,121,183
2022-10-16,Syringes,108,84,126
2022-10-23,IV Fluids,47,41,71
2022-10-23,Antibiotics,146,112,178
2022-10-23,Syringes,121,84,132
2022-10-23,Surgical Masks,67,48,77
2022-10-30,Syringes,112,95,140
2022-10-30,IV Fluids,49,34,71
2022-10-30,Antibiotics,142,111,164
2022-10-30,Surgical Masks,72,48,95
2022-11-06,Antibiotics,141,118,171
2022-11-06,IV Fluids,56,39,65
2022-11-06,Syringes,132,90,150
2022-11-06,Surgical Masks,60,41,75
2022-11-13,Surgical Masks,68,54,86
2022-11-13,IV Fluids,51,38,64
2022-11-13,Antibiotics,133,102,161
2022-11-13,Syringes,107,83,137
2022-11-20,Surgical Masks,72,53,78
2022-11-20,IV Fluids,50,33,71
2022-11-20,Antibiotics,142,108,170
2022-11-20,Syringes,97,73,126
2022-11-27,Surgical Masks,61,42,82
2022-11-27,IV Fluids,58,43,67
2022-11-27,Antibiotics,146,110,178
2022-11-27,Syringes,101,77,127
2022-12-04,IV Fluids,40,39,60
2022-12-04,Antibiotics,136,110,173
2022-12-04,Syringes,112,87,141
2022-12-04,Surgical Masks,61,49,80
2022-12-11,Antibiotics,134,105,163
2022-12-11,Syringes,99,74,123
2022-12-11,Surgical Masks,74,51,87
2022-12-11,IV Fluids,49,36,61
2022-12-18,Syringes,108,85,139
2022-12-18,IV Fluids,54,35,61
2022-12-18,Antibiotics,135,106,160
2022-12-18,Surgical Masks,57,46,86
2022-12-25,Antibiotics,126,93,159
2022-12-25,IV Fluids,51,38,59
2022-12-25,Syringes,110,78,133
2022-12-25,Surgical Masks,66,48,79
2023-01-01,Antibiotics,115,101,156
2023-01-01,IV Fluids,57,39,68
2023-01-01,Syringes,105,84,133
2023-01-01,Surgical Masks,55,44,80
2023-01-08,Antibiotics,139,105,173
2023-01-08,Syringes,111,83,132
2023-01-08,Surgical Masks,65,36,79
2023-01-08,IV Fluids,62,36,70
2023-01-15,Antibiotics,139,97,155
2023-01-15,Syringes,121,83,141
2023-01-15,IV Fluids,34,23,46
2023-01-15,Surgical Masks,56,47,70
2023-01-22,Surgical Masks,64,48,79
2023-01-22,IV Fluids,48,37,67
2023-01-22,Syringes,104,80,133
2023-01-22,Antibiotics,132,101,168
2023-01-29,Surgical Masks,61,44,75
2023-01-29,Antibiotics,129,102,165
2023-01-29,IV Fluids,51,29,60
2023-01-29,Syringes,109,80,130
2023-02-05,Syringes,107,78,130
2023-02-05,Antibiotics,128,97,156
2023-02-05,Surgical Masks,40,35,70
2023-02-05,IV Fluids,56,35,64
2023-02-12,IV Fluids,47,29,59
2023-02-12,Surgical Masks,49,36,71
2023-02-12,Antibiotics,129,99,156
2023-02-12,Syringes,121,84,132
2023-02-19,Syringes,108,85,138
2023-02-19,IV Fluids,43,29,59
2023-02-19,Antibiotics,128,92,150
2023-02-19,Surgical Masks,54,33,63
2023-02-26,Surgical Masks,63,42,74
2023-02-26,Antibiotics,118,95,157
2023-02-26,IV Fluids,54,42,67
2023-02-26,Syringes,108,75,133
2023-03-05,Antibiotics,132,98,158
2023-03-05,Surgical Masks,61,44,76
2023-03-05,Syringes,96,80,133
2023-03-05,IV Fluids,44,34,71
2023-03-12,Syringes,110,81,146
2023-03-12,Antibiotics,127,95,152
2023-03-12,IV Fluids,58,34,70
2023-03-12,Surgical Masks,47,39,73
2023-03-19,IV Fluids,61,38,73
2023-03-19,Surgical Masks,63,41,78
2023-03-19,Antibiotics,118,90,149
2023-03-19,Syringes,111,81,137
2023-03-26,Antibiotics,125,93,153
2023-03-26,Surgical Masks,56,32,72
2023-03-26,Syringes,115,80,135
2023-03-26,IV Fluids,43,34,69
2023-04-02,Surgical Masks,56,36,77
2023-04-02,Syringes,94,77,126
2023-04-02,IV Fluids,62,46,68
2023-04-02,Antibiotics,124,94,143
2023-04-09,Surgical Masks,54,28,67
2023-04-09,Syringes,110,80,132
2023-04-09,IV Fluids,53,34,68
2023-04-09,Antibiotics,115,79,141
2023-04-16,Surgical Masks,41,30,61
2023-04-16,Antibiotics,115,95,150
2023-04-16,Syringes,106,82,132
2023-04-16,IV Fluids,47,37,70
2023-04-23,Surgical Masks,52,38,73
2023-04-23,Antibiotics,117,86,140
2023-04-23,IV Fluids,43,40,62
2023-04-23,Syringes,91,79,122
2023-04-30,Syringes,111,81,139
2023-04-30,Antibiotics,114,89,140
2023-04-30,IV Fluids,59,43,71
2023-04-30,Surgical Masks,40,32,79
2023-05-07,IV Fluids,44,31,62
2023-05-07,Surgical Masks,65,39,80
2023-05-07,Antibiotics,117,92,143
2023-05-07,Syringes,118,83,134
2023-05-14,IV Fluids,62,33,71
2023-05-14,Surgical Masks,53,35,68
2023-05-14,Antibiotics,104,78,131
2023-05-14,Syringes,86,68,118
2023-05-21,Syringes,108,82,137
2023-05-21,Surgical Masks,56,45,88
2023-05-21,IV Fluids,63,41,74
2023-05-21,Antibiotics,107,80,136
2023-05-28,IV Fluids,54,39,64
2023-05-28,Surgical Masks,38,32,66
2023-05-28,Antibiotics,122,81,150
2023-05-28,Syringes,101,79,135
2023-06-04,Surgical Masks,34,24,56
2023-06-04,Syringes,94,71,123
2023-06-04,Antibiotics,105,78,135
2023-06-04,IV Fluids,62,40,78
2023-06-11,Syringes,115,80,133
2023-06-11,Surgical Masks,55,30,72
2023-06-11,Antibiotics,112,89,149
2023-06-11,IV Fluids,50,28,58
2023-06-18,Syringes,100,74,131
2023-06-18,IV Fluids,61,42,70
2023-06-18,Surgical Masks,37,25,54
2023-06-18,Antibiotics,103,75,137
2023-06-25,IV Fluids,47,31,59
2023-06-25,Syringes,109,75,127
2023-06-25,Surgical Masks,42,34,60
2023-06-25,Antibiotics,107,76,136
2023-07-02,Antibiotics,115,79,138
2023-07-02,IV Fluids,40,36,57
2023-07-02,Surgical Masks,42,29,69
2023-07-02,Syringes,107,73,128
2023-07-09,Antibiotics,101,71,125
2023-07-09,IV Fluids,66,34,63
2023-07-09,Surgical Masks,39,28,64
2023-07-09,Syringes,97,77,122
2023-07-16,IV Fluids,39,30,62
2023-07-16,Surgical Masks,33,27,63
2023-07-16,Antibiotics,102,74,141
2023-07-16,Syringes,91,71,118
2023-07-23,IV Fluids,39,27,55
2023-07-23,Antibiotics,126,77,146
2023-07-23,Surgical Masks,40,31,65
2023-07-23,Syringes,102,79,136
2023-07-30,Surgical Masks,35,25,59
2023-07-30,Antibiotics,99,72,123
2023-07-30,Syringes,91,74,121
2023-07-30,IV Fluids,32,26,58
2023-08-06,Surgical Masks,51,31,64
2023-08-06,Antibiotics,107,73,127
2023-08-06,Syringes,102,73,128
2023-08-06,IV Fluids,50,35,60
2023-08-13,Syringes,104,78,131
2023-08-13,IV Fluids,42,27,56
2023-08-13,Antibiotics,97,69,127
2023-08-13,Surgical Masks,47,32,64
2023-08-20,Surgical Masks,36,24,58
2023-08-20,Antibiotics,94,64,119
2023-08-20,Syringes,94,72,124
2023-08-20,IV Fluids,49,29,60
2023-08-27,IV Fluids,37,33,63
2023-08-27,Antibiotics,108,72,134
2023-08-27,Surgical Masks,51,21,54
2023-08-27,Syringes,94,79,128
2023-09-03,Antibiotics,113,78,134
2023-09-03,Syringes,107,78,136
2023-09-03,IV Fluids,38,21,42
2023-09-03,Surgical Masks,34,23,54
2023-09-10,Antibiotics,110,69,139
2023-09-10,Surgical Masks,52,29,62
2023-09-10,Syringes,95,67,129
2023-09-10,IV Fluids,46,38,65
2023-09-17,Surgical Masks,46,25,48
2023-09-17,Antibiotics,106,69,134
2023-09-17,Syringes,105,79,134
2023-09-17,IV Fluids,40,22,60
2023-09-24,Surgical Masks,37,27,66
2023-09-24,Antibiotics,98,70,131
2023-09-24,Syringes,95,66,121
2023-09-24,IV Fluids,53,34,61
2023-10-01,IV Fluids,51,35,65
2023-10-01,Antibiotics,89,60,125
2023-10-01,Surgical Masks,51,33,70
2023-10-01,Syringes,88,79,129
2023-10-08,Surgical Masks,39,25,60
2023-10-08,IV Fluids,53,37,66
2023-10-08,Antibiotics,108,74,139
2023-10-08,Syringes,97,83,131
2023-10-15,IV Fluids,57,34,71
2023-10-15,Antibiotics,99,65,122
2023-10-15,Surgical Masks,33,19,56
2023-10-15,Syringes,117,77,130
2023-10-22,Syringes,82,61,110
2023-10-22,IV Fluids,65,45,81
2023-10-22,Surgical Masks,49,28,65
2023-10-22,Antibiotics,98,72,127
2023-10-29,Antibiotics,95,59,119
2023-10-29,Syringes,84,77,122
2023-10-29,IV Fluids,50,36,70
2023-10-29,Surgical Masks,35,23,55
2023-11-05,Antibiotics,111,71,135
2023-11-05,Syringes,103,83,141
2023-11-05,IV Fluids,51,40,65
2023-11-05,Surgical Masks,40,27,60
2023-11-12,Surgical Masks,45,28,66
2023-11-12,Syringes,113,70,128
2023-11-12,IV Fluids,47,31,62
2023-11-12,Antibiotics,89,65,125
2023-11-19,Surgical Masks,33,17,54
2023-11-19,Antibiotics,83,63,115
2023-11-19,IV Fluids,45,35,67
2023-11-19,Syringes,91,71,120
2023-11-26,Antibiotics,87,61,116
2023-11-26,Surgical Masks,44,29,75
2023-11-26,IV Fluids,61,43,69
2023-11-26,Syringes,99,65,120
2023-12-03,Syringes,103,73,132
2023-12-03,IV Fluids,48,34,59
2023-12-03,Antibiotics,88,57,116
2023-12-03,Surgical Masks,52,26,70
2023-12-10,IV Fluids,55,36,74
2023-12-10,Syringes,101,77,132
2023-12-10,Surgical Masks,44,18,58
2023-12-10,Antibiotics,90,64,123
2023-12-17,Surgical Masks,41,23,55
2023-12-17,Syringes,103,75,123
2023-12-17,IV Fluids,61,40,68
2023-12-17,Antibiotics,100,58,127
2023-12-24,Surgical Masks,36,22,55
2023-12-24,Antibiotics,76,47,100
2023-12-24,IV Fluids,49,31,69
2023-12-24,Syringes,98,87,139
2023-12-31,Antibiotics,81,50,112
2023-12-31,IV Fluids,39,24,58
2023-12-31,Surgical Masks,31,21,51
2023-12-31,Syringes,92,71,131
2024-01-07,Antibiotics,78,54,121
2024-01-07,IV Fluids,50,37,69
2024-01-07,Surgical Masks,39,25,62
2024-01-07,Syringes,86,62,117
2024-01-14,Syringes,90,71,127
2024-01-14,Surgical Masks,53,28,50
2024-01-14,IV Fluids,58,40,72
2024-01-14,Antibiotics,83,56,127
2024-01-21,Syringes,82,58,113
2024-01-21,IV Fluids,41,29,51
2024-01-21,Surgical Masks,42,20,53
2024-01-21,Antibiotics,83,53,110
2024-01-28,Surgical Masks,38,27,61
2024-01-28,Antibiotics,77,59,121
2024-01-28,IV Fluids,50,39,70
2024-01-28,Syringes,97,68,117
2024-02-04,Antibiotics,80,43,105
2024-02-04,Syringes,103,78,128
2024-02-04,Surgical Masks,39,25,53
2024-02-04,IV Fluids,56,39,76
2024-02-11,Syringes,107,72,127
2024-02-11,IV Fluids,36,24,57
2024-02-11,Antibiotics,81,52,112
2024-02-11,Surgical Masks,38,21,60
2024-02-18,Surgical Masks,39,21,51
2024-02-18,IV Fluids,41,31,61
2024-02-18,Antibiotics,90,42,101
2024-02-18,Syringes,101,71,129
2024-02-25,Surgical Masks,35,14,51
2024-02-25,IV Fluids,42,34,72
2024-02-25,Antibiotics,98,54,116
2024-02-25,Syringes,114,79,138
2024-03-03,Surgical Masks,43,12,61
2024-03-03,Antibiotics,71,49,96
2024-03-03,Syringes,93,69,118
2024-03-03,IV Fluids,48,35,64
2024-03-10,Antibiotics,81,51,114
2024-03-10,IV Fluids,35,33,59
2024-03-10,Surgical Masks,28,20,47
2024-03-10,Syringes,100,76,132
2024-03-17,Surgical Masks,33,15,50
2024-03-17,Antibiotics,79,44,104
2024-03-17,IV Fluids,44,32,62
2024-03-17,Syringes,108,70,129
2024-03-24,Antibiotics,94,55,113
2024-03-24,Surgical Masks,25,19,52
2024-03-24,Syringes,92,72,121
2024-03-24,IV Fluids,57,45,78
2024-03-31,Syringes,96,64,125
2024-03-31,IV Fluids,52,36,57
2024-03-31,Surgical Masks,25,17,49
2024-03-31,Antibiotics,78,53,123
2024-04-07,Syringes,102,67,129
2024-04-07,Surgical Masks,35,11,50
2024-04-07,IV Fluids,42,33,64
2024-04-07,Antibiotics,67,50,106
2024-04-14,Syringes,101,63,130
2024-04-14,Surgical Masks,35,21,62
2024-04-14,IV Fluids,49,37,71
2024-04-14,Antibiotics,70,46,103
2024-04-21,Syringes,89,69,124
2024-04-21,Surgical Masks,31,17,56
2024-04-21,IV Fluids,51,40,68
2024-04-21,Antibiotics,86,49,118
2024-04-28,Surgical Masks,35,20,52
2024-04-28,Syringes,104,71,126
2024-04-28,IV Fluids,51,37,72
2024-04-28,Antibiotics,72,42,97
2024-05-05,Syringes,87,64,122
2024-05-05,IV Fluids,60,36,69
2024-05-05,Antibiotics,84,50,107
2024-05-05,Surgical Masks,43,15,63
2024-05-12,Syringes,113,80,137
2024-05-12,Surgical Masks,25,18,45
2024-05-12,Antibiotics,75,53,112
2024-05-12,IV Fluids,47,34,74
2024-05-19,Antibiotics,68,50,114
2024-05-19,IV Fluids,44,34,60
2024-05-19,Syringes,103,71,130
2024-05-19,Surgical Masks,21,27,57
2024-05-26,Surgical Masks,32,20,56
2024-05-26,Syringes,103,70,127
2024-05-26,IV Fluids,53,35,69
2024-05-26,Antibiotics,75,40,101
2024-06-02,Surgical Masks,48,23,59
2024-06-02,IV Fluids,57,40,64
2024-06-02,Antibiotics,66,45,98
2024-06-02,Syringes,92,73,126
2024-06-09,Surgical Masks,35,14,52
2024-06-09,IV Fluids,41,33,54
2024-06-09,Antibiotics,53,37,94
2024-06-09,Syringes,98,65,125
2024-06-16,Surgical Masks,61,32,75
2024-06-16,Antibiotics,74,46,102
2024-06-16,Syringes,100,70,118
2024-06-16,IV Fluids,37,40,59
2024-06-23,Surgical Masks,39,29,64
2024-06-23,IV Fluids,61,46,78
2024-06-23,Syringes,94,66,120
2024-06-23,Antibiotics,79,45,104
2024-06-30,Antibiotics,63,33,95
2024-06-30,Surgical Masks,35,27,63
2024-06-30,Syringes,102,77,138
2024-06-30,IV Fluids,63,40,70
2024-07-07,Antibiotics,64,36,98
2024-07-07,Surgical Masks,44,25,58
2024-07-07,Syringes,93,64,111
2024-07-07,IV Fluids,52,37,64
2024-07-14,Antibiotics,64,40,91
2024-07-14,Syringes,95,70,120
2024-07-14,Surgical Masks,41,21,59
2024-07-14,IV Fluids,44,33,54
2024-07-21,Syringes,89,71,128
2024-07-21,IV Fluids,53,47,73
2024-07-21,Surgical Masks,41,23,57
2024-07-21,Antibiotics,70,40,105
2024-07-28,Syringes,94,72,127
2024-07-28,Antibiotics,57,35,96
2024-07-28,Surgical Masks,48,26,60
2024-07-28,IV Fluids,42,34,64
2024-08-04,IV Fluids,60,44,77
2024-08-04,Syringes,88,67,116
2024-08-04,Antibiotics,71,43,109
2024-08-04,Surgical Masks,39,18,56
2024-08-11,IV Fluids,48,43,72
2024-08-11,Antibiotics,76,42,104
2024-08-11,Syringes,99,65,116
2024-08-11,Surgical Masks,41,19,60
2024-08-18,Antibiotics,74,40,105
2024-08-18,Syringes,98,67,115
2024-08-18,Surgical Masks,29,13,37
2024-08-18,IV Fluids,59,39,70
2024-08-25,Surgical Masks,39,18,55
2024-08-25,IV Fluids,47,39,67
2024-08-25,Syringes,109,73,131
2024-08-25,Antibiotics,69,37,99
2024-09-01,Antibiotics,72,45,111
2024-09-01,IV Fluids,49,31,69
2024-09-01,Syringes,96,69,121
2024-09-01,Surgical Masks,52,30,64
2024-09-08,Antibiotics,77,48,110
2024-09-08,Surgical Masks,46,20,60
2024-09-08,IV Fluids,42,42,66
2024-09-08,Syringes,110,74,136
2024-09-15,Surgical Masks,47,21,55
2024-09-15,Antibiotics,53,37,96
2024-09-15,IV Fluids,54,44,70
2024-09-15,Syringes,93,73,127
2024-09-22,Antibiotics,73,37,108
2024-09-22,Surgical Masks,41,24,66
2024-09-22,IV Fluids,42,36,63
2024-09-22,Syringes,85,59,111
2024-09-29,Antibiotics,82,42,106
2024-09-29,Surgical Masks,33,15,47
2024-09-29,IV Fluids,42,40,72
2024-09-29,Syringes,100,72,124
2024-10-06,Antibiotics,60,38,100
2024-10-06,Surgical Masks,37,28,52
2024-10-06,Syringes,101,82,134
2024-10-06,IV Fluids,57,42,66
2024-10-13,Surgical Masks,45,30,71
2024-10-13,Antibiotics,61,39,92
2024-10-13,Syringes,105,77,131
2024-10-13,IV Fluids,69,45,75
2024-10-20,Syringes,116,73,139
2024-10-20,Surgical Masks,37,26,57
2024-10-20,Antibiotics,71,43,96
2024-10-20,IV Fluids,63,42,72
2024-10-27,Syringes,95,66,118
2024-10-27,Antibiotics,68,30,91
2024-10-27,IV Fluids,51,34,60
2024-10-27,Surgical Masks,48,32,60
2024-11-03,Antibiotics,73,46,106
2024-11-03,Syringes,104,73,125
2024-11-03,IV Fluids,53,40,71
2024-11-03,Surgical Masks,38,18,54
2024-11-10,IV Fluids,60,44,68
2024-11-10,Syringes,87,75,129
2024-11-10,Antibiotics,63,40,96
2024-11-10,Surgical Masks,53,34,68
2024-11-17,Surgical Masks,39,21,61
2024-11-17,Antibiotics,55,37,97
2024-11-17,Syringes,108,70,129
2024-11-17,IV Fluids,66,47,71
2024-11-24,Surgical Masks,39,19,59
2024-11-24,Syringes,94,73,119
2024-11-24,Antibiotics,73,39,106
2024-11-24,IV Fluids,55,40,70
2024-12-01,IV Fluids,57,54,75
2024-12-01,Surgical Masks,47,25,61
2024-12-01,Syringes,102,79,135
2024-12-01,Antibiotics,82,39,102
2024-12-08,Surgical Masks,42,36,67
2024-12-08,IV Fluids,40,34,53
2024-12-08,Antibiotics,59,31,85
2024-12-08,Syringes,91,68,117
2024-12-15,Surgical Masks,45,27,64
2024-12-15,Antibiotics,76,47,106
2024-12-15,Syringes,86,67,123
2024-12-15,IV Fluids,67,41,73
2024-12-22,Syringes,107,76,127
2024-12-22,IV Fluids,61,44,79
2024-12-22,Antibiotics,69,40,95
2024-12-22,Surgical Masks,40,22,58
2024-12-29,IV Fluids,36,43,70
2024-12-29,Antibiotics,70,42,100
2024-12-29,Surgical Masks,44,21,59
2024-12-29,Syringes,93,75,117
2025-01-05,Surgical Masks,34,27,58
2025-01-05,IV Fluids,42,38,64
2025-01-05,Antibiotics,68,45,102
2025-01-05,Syringes,101,78,133
2025-01-12,Antibiotics,68,35,92
2025-01-12,Surgical Masks,43,18,51
2025-01-12,IV Fluids,61,47,82
2025-01-12,Syringes,102,76,131
2025-01-19,Surgical Masks,42,22,60
2025-01-19,IV Fluids,65,47,71
2025-01-19,Syringes,102,70,121
2025-01-19,Antibiotics,70,43,96
2025-01-26,IV Fluids,54,45,68
2025-01-26,Surgical Masks,59,37,79
2025-01-26,Antibiotics,68,39,98
2025-01-26,Syringes,100,75,125
2025-02-02,Surgical Masks,53,36,76
2025-02-02,IV Fluids,69,47,80
2025-02-02,Antibiotics,67,45,102
2025-02-02,Syringes,83,68,115
2025-02-09,Syringes,103,72,129
2025-02-09,Antibiotics,61,31,76
2025-02-09,IV Fluids,55,44,74
2025-02-09,Surgical Masks,50,29,65
2025-02-16,IV Fluids,43,38,73
2025-02-16,Syringes,99,76,134
2025-02-16,Surgical Masks,44,28,61
2025-02-16,Antibiotics,79,41,111
2025-02-23,Surgical Masks,57,31,69
2025-02-23,Antibiotics,68,39,104
2025-02-23,IV Fluids,49,43,62
2025-02-23,Syringes,83,72,121
2025-03-02,Syringes,120,86,137
2025-03-02,Surgical Masks,49,43,73
2025-03-02,Antibiotics,79,44,102
2025-03-02,IV Fluids,60,47,69
2025-03-09,Surgical Masks,50,34,65
2025-03-09,Syringes,94,65,118
2025-03-09,IV Fluids,63,47,77
2025-03-09,Antibiotics,72,45,105
2025-03-16,Antibiotics,61,39,93
2025-03-16,IV Fluids,55,47,79
2025-03-16,Surgical Masks,60,37,80
2025-03-16,Syringes,104,72,137
2025-03-23,IV Fluids,64,50,84
2025-03-23,Antibiotics,69,40,108
2025-03-23,Surgical Masks,49,32,70
2025-03-23,Syringes,95,70,126
2025-03-30,Surgical Masks,48,34,68
2025-03-30,IV Fluids,76,45,75
2025-03-30,Antibiotics,66,43,112
2025-03-30,Syringes,104,72,121
2025-04-06,Syringes,118,72,127
2025-04-06,Surgical Masks,54,37,77
2025-04-06,IV Fluids,55,48,78
2025-04-06,Antibiotics,71,39,99
2025-04-13,Surgical Masks,57,35,77
2025-04-13,Antibiotics,69,48,113
2025-04-13,Syringes,95,69,116
2025-04-13,IV Fluids,68,51,79
2025-04-20,Surgical Masks,31,26,59
2025-04-20,Syringes,102,80,137
2025-04-20,IV Fluids,53,48,85
2025-04-20,Antibiotics,65,43,103
2025-04-27,Syringes,103,73,135
2025-04-27,IV Fluids,59,42,66
2025-04-27,Surgical Masks,64,42,75
2025-04-27,Antibiotics,45,31,84
2025-05-04,Antibiotics,71,44,101
2025-05-04,Surgical Masks,46,33,66
2025-05-04,Syringes,110,77,139
2025-05-04,IV Fluids,54,44,75
2025-05-11,Surgical Masks,67,47,87
2025-05-11,Syringes,88,74,131
2025-05-11,Antibiotics,70,41,101
2025-05-11,IV Fluids,67,53,78
2025-05-18,Surgical Masks,63,41,81
2025-05-18,Syringes,100,73,124
2025-05-18,Antibiotics,64,38,95
2025-05-18,IV Fluids,64,56,88
2025-05-25,Syringes,111,85,132
2025-05-25,Antibiotics,63,41,99
2025-05-25,Surgical Masks,55,38,80
2025-05-25,IV Fluids,68,55,79
2025-06-01,Syringes,112,82,128
2025-06-01,IV Fluids,62,51,84
2025-06-01,Antibiotics,70,48,107
2025-06-01,Surgical Masks,60,41,82
2025-06-08,IV Fluids,54,44,74
2025-06-08,Antibiotics,87,55,114
2025-06-08,Surgical Masks,40,39,66
2025-06-08,Syringes,94,68,107
2025-06-15,Syringes,97,68,125
2025-06-15,Antibiotics,76,50,110
2025-06-15,IV Fluids,71,50,88
2025-06-15,Surgical Masks,59,37,74
2025-06-22,Syringes,118,83,136
2025-06-22,Surgical Masks,62,41,71
2025-06-22,IV Fluids,69,58,86
2025-06-22,Antibiotics,74,46,100
2025-06-29,Syringes,117,76,134
2025-06-29,Antibiotics,74,52,108
2025-06-29,Surgical Masks,51,45,78
2025-06-29,IV Fluids,72,54,86
2025-07-06,IV Fluids,61,50,76
2025-07-06,Syringes,100,70,131
2025-07-06,Antibiotics,75,48,101
2025-07-06,Surgical Masks,54,39,75
2025-07-13,IV Fluids,68,54,82
2025-07-13,Syringes,113,84,138
2025-07-13,Antibiotics,86,47,111
2025-07-13,Surgical Masks,51,39,79
2025-07-20,Syringes,96,80,134
2025-07-20,Antibiotics,74,46,95
2025-07-20,IV Fluids,62,45,75
2025-07-20,Surgical Masks,55,41,72
2025-07-27,IV Fluids,56,48,70
2025-07-27,Surgical Masks,63,48,72
2025-07-27,Antibiotics,73,43,108
2025-07-27,Syringes,97,81,132
2025-08-03,IV Fluids,52,47,69
2025-08-03,Surgical Masks,74,51,87
2025-08-03,Syringes,104,84,136
2025-08-03,Antibiotics,85,51,117
2025-08-10,Antibiotics,81,54,112
2025-08-10,Syringes,99,74,131
2025-08-10,Surgical Masks,78,47,96
2025-08-10,IV Fluids,67,55,87
2025-08-17,Antibiotics,77,54,100
2025-08-17,Syringes,91,72,125
2025-08-17,Surgical Masks,72,48,82
2025-08-17,IV Fluids,77,56,85
2025-08-24,Syringes,114,89,141
2025-08-24,IV Fluids,66,52,79
2025-08-24,Antibiotics,80,53,111
2025-08-24,Surgical Masks,59,43,79
2025-08-31,Syringes,98,74,127
2025-08-31,IV Fluids,56,49,75
2025-08-31,Surgical Masks,66,51,95
2025-08-31,Antibiotics,79,51,110
2025-09-07,IV Fluids,68,53,79
2025-09-07,Syringes,110,75,133
2025-09-07,Surgical Masks,68,50,88
2025-09-07,Antibiotics,87,59,113
2025-09-14,Syringes,99,77,127
2025-09-14,IV Fluids,68,51,81
2025-09-14,Surgical Masks,66,44,81
2025-09-14,Antibiotics,72,50,107
2025-09-21,Syringes,105,93,146
2025-09-21,Surgical Masks,51,40,78
2025-09-21,IV Fluids,69,50,82
2025-09-21,Antibiotics,88,61,128
2025-09-28,Antibiotics,76,53,116
2025-09-28,Syringes,113,85,140
2025-09-28,IV Fluids,59,56,75
2025-09-28,Surgical Masks,71,43,80
2025-10-05,Surgical Masks,67,47,77
2025-10-05,Syringes,117,88,147
2025-10-05,IV Fluids,65,51,88
2025-10-05,Antibiotics,72,55,110
2025-10-12,IV Fluids,60,47,83
2025-10-12,Antibiotics,70,52,104
2025-10-12,Surgical Masks,69,56,85
2025-10-12,Syringes,104,84,136
2025-10-19,Syringes,105,80,130
2025-10-19,IV Fluids,54,48,66
2025-10-19,Antibiotics,87,58,116
2025-10-19,Surgical Masks,77,59,104
2025-10-26,IV Fluids,67,47,82
2025-10-26,Surgical Masks,63,50,86
2025-10-26,Syringes,106,87,138
2025-10-26,Antibiotics,89,66,124
2025-11-02,Surgical Masks,69,51,87
2025-11-02,Antibiotics,99,65,127
2025-11-02,IV Fluids,76,57,92
2025-11-02,Syringes,107,76,135
2025-11-09,Surgical Masks,71,55,90
2025-11-09,Antibiotics,96,68,125
2025-11-09,IV Fluids,73,56,86
2025-11-09,Syringes,126,79,143
2025-11-16,IV Fluids,75,56,79
2025-11-16,Surgical Masks,79,54,93
2025-11-16,Antibiotics,85,66,128
2025-11-16,Syringes,100,88,135
2025-11-23,Syringes,98,78,126
2025-11-23,Antibiotics,97,59,128
2025-11-23,IV Fluids,80,59,94
2025-11-23,Surgical Masks,80,59,107
2025-11-30,Antibiotics,100,64,128
2025-11-30,IV Fluids,75,62,90
2025-11-30,Syringes,106,84,137
2025-11-30,Surgical Masks,75,53,91
2025-12-07,IV Fluids,61,53,85
2025-12-07,Syringes,109,85,139
2025-12-07,Surgical Masks,77,61,94
2025-12-07,Antibiotics,85,62,121
2025-12-14,IV Fluids,75,59,100
2025-12-14,Antibiotics,106,74,133
2025-12-14,Surgical Masks,75,56,91
2025-12-14,Syringes,117,83,140
2025-12-21,IV Fluids,62,49,80
2025-12-21,Antibiotics,85,62,120
2025-12-21,Syringes,104,77,126
2025-12-21,Surgical Masks,81,62,103
2025-12-28,Syringes,113,84,132
2025-12-28,Surgical Masks,77,57,90
2025-12-28,IV Fluids,81,64,89
2025-12-28,Antibiotics,106,73,138
